,title,link,content
0,THIQAH,https://thiqah.sa/en,0
1,??? ?????? ??????? - Eye of Riyadh,https://m.eyeofriyadh.com/ar/directory/details/3935_thiqah-for-business-related-services,"???? ??? ?????? ??????? ?? ???? ?????? 100% ???????? ?????? ???????? ????????? ????????? ? ??????? ???????? ????????? ??????????? ???? ????????? ??????? ??? ???? ??? ????? ?????? ?? ????? ?????? ?????? ?????????? ????? ???????. ???? ???? ????? ????? ?? ????? ??????? ???????? ?????? ???? ??????? ??????? ???? ???? ??? ??? ????? ????? ????? ?????? ????? ??? ??????? ?? ?? ???????? ???? ??????? ??? ???? ??? ????? ???????? ???????? ???????? ??????? ?? ???? ??? ????? ???????.
 "
2,Follow THIQAH | ???'s (@thiqah_sa) latest Tweets / Twitter,https://twitter.com/thiqah_sa%3Flang%3Den,We’ve detected that JavaScript is disabled in this browser. Please enable JavaScript or switch to a supported browser to continue using twitter.com. You can see a list of supported browsers in our Help Center.
3,???? ??? ?????? ??????? - ????,https://taakkad.com/companies/thiqah,"
                                    ????? ???? ??????? ?????? ?????? ??????? ???????? ??? ?????? ????? ????? ?????? ??? ???????.
                                "
4,??? ?????? ??????? - YouTube,https://www.youtube.com/channel/UCqtWKkJeHw-Vf8kugwlK-Zw,0
5,THIQAH | ??? (@thiqah_sa) • Instagram photos and videos,https://www.instagram.com/thiqah_sa/%3Fhl%3Den,0
6,????? ?? ???? ??? ?????? ???????,https://www.jobzaty.com/company/shrk-thk-lkhdmat-alaaamal-595,"?? ???:
???? ??? ?????? ??????? ?? ???? ?????? ?????? ????? ????? ???????? ?????? ???????? ??????? ???????? ????????? ??????????? ??? ???? ??? ????? ?????? ?? ????? ?????? ?????? ?????????? ????? ???????. ???? ??? ??? ????? ????? ????? ?????? ????? ??? ??????? ?? ?? ???????? ???? ??????? ??? ???? ??? ????? ???????? ???????? ???????? ??????? ?? ???? ??? ????? ???????."
7,THIQAH Business Services | LinkedIn,https://sa.linkedin.com/company/thiqah-business-services-company,0
8,???? ??? ?????? ??????? ???? ??? ??? ??????? ?? ?????? ???????,https://www.wadhefa.com/news/13188/,You don't have permission to access this resource.
9,Photos at ???? ??? ?????? ??????? | Thiqah - Foursquare,https://foursquare.com/v/%25D8%25B4%25D8%25B1%25D9%2583%25D8%25A9-%25D8%25AB%25D9%2582%25D8%25A9-%25D9%2584%25D8%25AE%25D8%25AF%25D9%2585%25D8%25A7%25D8%25AA-%25D8%25A7%25D9%2584%25D8%25A3%25D8%25B9%25D9%2585%25D8%25A7%25D9%2584--thiqah/52de0bcf11d2ec0e93f5ee9e/photos,"Foursquare © 2022  Lovingly made in NYC, CHI, SEA & LA"
10,???? ??? ?????? ??????? ???? ??? ??????? ?? ?????? (??????? ...,https://www.ewdifh.com/jobs/71079,"????? ???? ??? ?????? ??????? (???) ??? ?????? ?????? ????? ????? ?? ?????? ??????? (™ LinkedIn) ??? ??????? ?? ?????? (??????? ????????) ???????? ???? ????? ????? ???????? ??????? ?????.




     (adsbygoogle = window.adsbygoogle || []).push({});



???? ?? ????????:
- ?? ????? ?????? ??????? ???????? (COOP) ?????? ????????? ???? ?????? ??????? ?? ???? ??? ??????? ?????? ???????? ?????? ?? ????? ????? ????? ?? ?????.
???? ????????:
1- ???? ??????? ???????? (???????????).
2- ??? ?? ?????? ??? ??????? ??? 3-7 ????.
3- ????? ????? ?????????? (?????? ???????).
4- ?????? ?????? ?? ???????.
???? ?? ??????:
- ???? ??? ?????? ??????? ?? ???? ?????? 100% ???????? ???? ????? ???????? ?????? ???????? ??????? ???????? ????????? ??????????? ???? ????????? ??????? ??? ???? ??? ????? ?????? ?? ????? ?????? ?????? ?????????? ????? ???????.
???? ???????:
- ??????? ????? ???? ??? ????? ?????? ?????? 1443/08/28?? ??????? 2022/03/31? ?????? ??? ???????? ?????? ???????.
????? ???????:
- ?????? ???? ?????? ????????? ?????? ??????? ???????? ?? ???? ?????? ?????? (????? ????? ???? ????? ????? ?? ?????? ??????? (™ LinkedIn) ??? ??????? ??? ???????):
???? ???"
11,??? ?????? ??????? - ??? ??? - Eye of Dubai,https://m.eyeofdubai.ae/ar/directory/details/3935_thiqah-for-business-related-services,"???? ??? ?????? ??????? ?? ???? ?????? 100% ???????? ?????? ???????? ????????? ????????? ? ??????? ???????? ????????? ??????????? ???? ????????? ??????? ??? ???? ??? ????? ?????? ?? ????? ?????? ?????? ?????????? ????? ???????. ???? ???? ????? ????? ?? ????? ??????? ???????? ?????? ???? ??????? ??????? ???? ???? ??? ??? ????? ????? ????? ?????? ????? ??? ??????? ?? ?? ???????? ???? ??????? ??? ???? ??? ????? ???????? ???????? ???????? ??????? ?? ???? ??? ????? ???????.
 "
12,???? ??? - ?????????,https://ar.wikipedia.org/wiki/%25D8%25B4%25D8%25B1%25D9%2583%25D8%25A9_%25D8%25AB%25D9%2582%25D8%25A9,"????? ?????? ??????? ????? ?????? ??? ?????: ""%D8""
"
13,???? ??? ?????? ??????? - ?????.???,https://www.wadhefa.com/news/profile/831/,You don't have permission to access this resource.
14,???? ?????? - ????? ???? ????? ?? ???? ??????? - ???? ??? ?????? ???????,https://sa.linkedin.com/in/%25D9%2585%25D8%25AD%25D9%2585%25D8%25AF-%25D8%25A7%25D9%2584%25D8%25AE%25D8%25B6%25D9%258A%25D8%25B1-1a0b1313a,0
15,???? ??? | ????????? - ?? ???,https://manhom.com/%25D8%25B4%25D8%25B1%25D9%2583%25D8%25A7%25D8%25AA/%25D8%25B4%25D8%25B1%25D9%2583%25D8%25A9-%25D8%25AB%25D9%2582%25D8%25A9-%25D9%2584%25D8%25AE%25D8%25AF%25D9%2585%25D8%25A7%25D8%25AA-%25D8%25A7%25D9%2584%25D8%25A7%25D8%25B9%25D9%2585%25D8%25A7%25D9%2584/,???? ????????? ??????? ???????
16,Thiqah business services - ???? ??? ?????? ??????? | 9200 09575,https://www.bizmideast.com/SA/thiqah-business-services-%25D8%25B4%25D8%25B1%25D9%2583%25D8%25A9-%25D8%25AB%25D9%2582%25D8%25A9-%25D9%2584%25D8%25AE%25D8%25AF%25D9%2585%25D8%25A7%25D8%25AA-9200-09575,"This website is using a security service to protect itself from online attacks. The action you just performed triggered the security solution. There are several actions that could trigger this block including submitting a certain word or phrase, a SQL command or malformed data."
17,???? ??? ?????? ??????? ???? ????? ?????? ????? ??????????? ????? ...,https://wdeftksa.com/sa/jobs/5721,"

???? ??? ?????? ???????

"
18,???? ??? ?????? ??????? is a company in Riyadh,https://arriyadh24.com/en/places/12378085,"???? ??? ?????? ??????? is a ???? ??????? located in Riyadh. The registered address of the entity is ???? ??????? ???????? ?????? 13321. Further in detail information is provided in the corresponding sections along with the frequently asked questions. You can also read the customer reviews about ???? ??? ?????? ??????? as well as sharing your own experience. Every opinion is valuable, giving more insight on the company and other businesses in Riyadh."
19,??? ?????? ??????? ???? ????? ?????? ? ????? ? ?????? ?? ????? ???????,https://tm.com.sa/714,An appropriate representation of the requested resource could not be found on this server. This error was generated by Mod_Security.
20,???? ??? ?????? ??????? - ???? ???,https://www.nab3.info/companies_details.php%3Fid%3D94652%26%25D8%25B4%25D8%25B1%25D9%2583%25D8%25A9_%25D8%25AB%25D9%2582%25D8%25A9_%25D9%2584%25D8%25AE%25D8%25AF%25D9%2585%25D8%25A7%25D8%25AA_%25D8%25A7%25D9%2584%25D8%25A7%25D8%25B9%25D9%2585%25D8%25A7%25D9%2584,The requested URL was not found on this server.
21,???? ???? ?? ???? ??? ???????? ??? ???? ????? ????? ????? - ????? 24,https://akhbaar24.argaam.com/article/detail/539546,"??? ?????? ???????? ????? ??? ?????? ???????? ???? ???????? ????? ?????? ??? ????? 2017?? ???? ???? ?? ??? 2012? ??????? ?? ????? ??????? ????? ????? ????? ??? ?? ?????? ??????? ??? ????? ?? ??? ????.?????? ???? ????? ?? ??????? ?????? ?? ???????? ????? ??? ?? ????? ?????? ?? ??? ??????? ???????? ??? ????? ?????? ???? ??? ????? ???? ???? ????? ????? ???? ????? ?? ?????? ???????? ??? ?????? ??? ?????.????? ?? ??? ??????? ???? ????? ??? ?? ??? ?????? ??? ?? ???? ????? ????? ????? ???????? ???? ???? ???????? ???????? ???? ??? ???????? ??????? ????? ????????? ??? ??? ???? ?????.????? ?????? ??? ??? ????? ??? ????? ??? ????? ?? ???? ""???"" ???? ??? ????? ??????????? ??????? ?? ???? ????? ????? ?? ?????? ??? ???? ?????? ??????? ??? ???? ??? ????? ???? ??????? ??????? ???????.????? ?????? ??? ""???"" ?? ????? ?????? ??????? ????? ???? ??????? ??? ???????? ????????? ?????? ??? ?? ????? ????? ??????? ?????? ???????? ??? ?????? ?? ?????? ???? ?????? ???????? ?? 180 ?????.???? ?? ?????? ???? ????? ?? ??? ?????? ???? ????? ?????? ?????? ???? ???? ??????? ???? ???? ??? ???? ???? ????? ???? ?? ?? ????? ????????? ?????? ?????????? ??? ??????? ????? ?? ??? ?????? ???? ??? ?????? ????? ????.???? ?????? ???????? ??? ?? ""???"" ???? ????? ??????? ?????? 200 ?????? ???? ???? ?? ?????? 76 ??????? ?? ??? ?????? ??????? ???? ??? ???? ?????? ???? ?? ??? ????? ??? ????? ???? ?? ""???"" ????? ????? ?? ??? ????.???? ?? ????? ?? ??????? ???????? ??? ???????? ???? ????? ?????? ????? ????? ??? ??????? ??? ???????? ??????? ????????? ???? ???? ?????? ???? ??? ??????? ???????? ????? ??? ?? ??? ???????? ?? ????? ???? ???? ??? ?????? ??????? ???????? ?? ????? ?????????."
22,???? ???? ??? ?????? ??????? ?? ??? ??????? ?? ?????? ??????? ...,https://www.uoshrm.com/2022/03/blog-post_140.html, 
23,???? ??? ?????? ??????? (???? ??????) ???? ????? ?????? ?????? ???????,https://www.sahm0.com/21471,"???? ??? ?????? ??????? (???? ??????) ???? ????? ?????? ?????? ??????? 
????? ???? ??? ?????? ??????? (???? ??????) ?? ???? (3) ????? ?????? ?????? ??????? ?? ????? ??????? ????? ??????????? ????? ?? ?????? ?? (???? ??????? ????? ?????????? ????? ?????? ????? ???????? ???????? ??????? ?????????? ???????? ??? ????????? ????????? ??????? ??????) ??? ????? ??????:

1- ?????? ??? ??? ????? ????????? (IT Support Senior Specialist)
?????????: ????????? ????? (???? ????? ????? ???????? ????? ???) ?? ?? ??????? ?? ???? ?? ??? ?? 3 ????? ?????? ?? ????? ???????? ????????.

2- ????? ????? ???????? (Health and Safety Engineer)
?????????: ????????? ????? (????? ?????? ?????? ????? ???????) ?? ?? ??????? ?? ???? ?? ??? ?? 3 ????? ?????? ?? ????? ???????? (PMP)

3- ???? ??? ??????? (Governance Senior Manager)
?????????: ????????? ????? (?????? ??? ??????? ??????? ????? ?????? ????? ????) ?? ?? ??????? ?? ???? ?? ??? ?? 8 ?????.

* ??????:

- ?? ???? ??????? ?? ???????? ????? ???????.
- ???? ??? ???? ??????????? ?? ????????? ?? ???????? ????????.
- ????? ????? ?????????? ????? ??????.

* ???? ?? ???:
???? ??? ?????? ??????? ?? ???? ?????? 100% ???????? ???? ????? ???????? ?????? ???????? ??????? ???????? ????????? ??????????? ???? ????????? ??????? ??? ???? ??? ????? ?????? ?? ????? ?????? ?????? ?????????? ????? ???????. ???? ???? ????? ????? ?? ????? ??????? ???????? ?????? ???? ??????? ??????? ???? ???? ??? ??? ????? ????? ????? ?????? ????? ??? ??????? ?? ?? ???????? ???? ??????? ??? ???? ??? ????? ???????? ???????? ???????? ??????? ?? ???? ??? ????? ???????.

* ????? ???????:
???? ??????? ?? ????? ???????? 1443/6/22?? ??? ?????? ??????? ?????? ????? ??? ??????:
???? ?????"
24,"""?????? ???????"" ???? ??? ????? ""????????? ??????"" ?? ???? ??? ?????? ???????",https://sfda.gov.sa/ar/news/64478,????? ??? ????
25,"???? ??? ?????? ???????? ???? ??????? ???????? ?? ???? ""???"" ???? ...",https://www.facebook.com/SaudiExports/videos/%25D8%25B4%25D8%25B1%25D9%2583%25D8%25A9-%25D8%25B9%25D9%2587%25D8%25AF-%25D9%2584%25D8%25AE%25D8%25AF%25D9%2585%25D8%25A7%25D8%25AA-%25D8%25A7%25D9%2584%25D8%25A3%25D8%25B9%25D9%2585%25D8%25A7%25D9%2584-%25D8%25A5%25D8%25AD%25D8%25AF%25D9%2589-%25D8%25A7%25D9%2584%25D8%25B4%25D8%25B1%25D9%2583%25D8%25A7%25D8%25AA-%25D8%25A7%25D9%2584%25D9%2585%25D9%2586%25D8%25A8%25D8%25AB%25D9%2582%25D8%25A9-%25D9%2585%25D9%2586-%25D8%25B4%25D8%25B1%25D9%2583%25D8%25A9-%25D8%25AB%25D9%2582%25D8%25A9-%25D8%25AA%25D8%25AE%25D8%25AA%25D8%25B5-%25D8%25A8%25D8%25AA%25D9%2582%25D8%25AF%25D9%258A%25D9%2585-%25D8%25A3%25D9%2581%25D8%25B6%25D9%2584-%25D8%25A7%25D9%2584%25D8%25AE%25D8%25AF%25D9%2585/407028804372323/,0
26,???? ??? ?????? ??????? ???? ??? ??????? ?? ... - ????? ??????? ????????,https://eduschool40.blog/2022/03/31/%25D8%25B4%25D8%25B1%25D9%2583%25D8%25A9-%25D8%25AB%25D9%2582%25D8%25A9-%25D9%2584%25D8%25AE%25D8%25AF%25D9%2585%25D8%25A7%25D8%25AA-%25D8%25A7%25D9%2584%25D8%25A3%25D8%25B9%25D9%2585%25D8%25A7%25D9%2584-%25D8%25AA%25D8%25B9%25D9%2584%25D9%2586-%25D8%25A8%25D8%25AF%25D8%25A1-%25D8%25A7%25D9%2584%25D8%25AA%25D9%2582%25D8%25AF/,???? ????????- ???????? ???? 2022 ???????…
27,thiqah.sa ? ??? ?????? ??????? - WEBrate,https://webrate.org/site/thiqah.sa/,Server IP address resolved: NoHttp response code: NoneLast Checked: 08/14/2022
28,???? ??? ?????? ??????? ???? ??? ??????? ??????? ??????? ????????,https://www.fu1sa.com/posts/10891, 
29,????? ???? ??? ?????? ??????? ?? ??? ?????? | 15000 ?????,https://www.15000jobs.com/explore-thiqah/,"????? ???? ??? ?????? ??????? “???”? ???? ???????? ?? ????? ????????? ?????? ????????? ?? ???? ??? ?? ??????? ??????? ??? ?????? ????? ????? ???????? ????? ???? ?????? ???????? ???."
30,???? ??? ?????? ??????? ???? ?? ???? ??? ?????? - ????? ???????,https://www.al-madina.com/article/753380/%25D9%2588%25D8%25B8%25D8%25A7%25D8%25A6%25D9%2581/%25D8%25B4%25D8%25B1%25D9%2583%25D8%25A9-%25D8%25AB%25D9%2582%25D8%25A9-%25D9%2584%25D8%25AE%25D8%25AF%25D9%2585%25D8%25A7%25D8%25AA-%25D8%25A7%25D9%2584%25D8%25A3%25D8%25B9%25D9%2585%25D8%25A7%25D9%2584-%25D8%25AA%25D8%25B9%25D9%2584%25D9%2586-%25D8%25B9%25D9%2586-%25D8%25AA%25D9%2588%25D9%2581%25D8%25B1-%25D9%2581%25D8%25B1%25D8%25B5-%25D9%2588%25D8%25B8%25D9%258A%25D9%2581%25D9%258A%25D8%25A9,??? ???????
31,???? ??? ?????? ??????? - ??????? ???????,https://www.alwdaif.com/tag/thiqa-business-services-company/,??? ????? ???? ??????? ???????? ??  ???? ??? ?????? ??????? 
32,???? ??? | ????????,https://www.theqaah.com/,"
                ?????? ??????? ?????? ??? ???? ?????????
            "
33,????? ?? ?????? ???????? ????? ??? - ??????,https://thmanyah.com/podcasts/socrates/56/,"2022 © ???? ?????? ?????? ????? ??????
????? ????????
"
34,??? ?????? ???????,https://yummiest.opens-hope-n.tax/84.php,"???? ??? | ?????????????? ?????????? ??? | ????????? ????? ???????? 2021 ??????? ???????? ?? ???? ???.???????? ??? ?????? ??????????? ??? ?????????, 2022????? ?? ?? ??? | ??????? ??? ??????? ???? ?????? ????? ???????? ?????????.??? ?????, ??? ?????? ????????? ?????? ??????? - YouTube???????? - ?????????? ????? ???????? 2021 ??????? ???????? ?? ???? ???.????? ??????? - MCI????????? ??? ?????? ??????? - ????????? ??????? | ???????? - ???? ??? ?????? ??????? - ???????? ???????? | ???EXPLORE THIQAH | ?????? ?????? ??????? ???? ?? ???? ????? ????? ?????. "
35,???? ??? ?????? ??????? - ????? ??? ???,https://khalejy.com/tag/%25D8%25B4%25D8%25B1%25D9%2583%25D8%25A9-%25D8%25AB%25D9%2582%25D8%25A9-%25D9%2584%25D8%25AE%25D8%25AF%25D9%2585%25D8%25A7%25D8%25AA-%25D8%25A7%25D9%2584%25D8%25A7%25D8%25B9%25D9%2585%25D8%25A7%25D9%2584/,???? ??????? ???????
36,????? ?? ?????? ???????? ????? ??? - ????? ??????,https://www.meeem.sa/%25D8%25B3%25D9%2582%25D8%25B1%25D8%25A7%25D8%25B7-%25D9%2585%25D8%25B9-%25D8%25A7%25D9%2584%25D8%25B1%25D8%25A6%25D9%258A%25D8%25B3-%25D8%25A7%25D9%2584%25D8%25AA%25D9%2586%25D9%2581%25D9%258A%25D8%25B0%25D9%258A-%25D9%2584%25D8%25B4%25D8%25B1%25D9%2583%25D8%25A9-%25D8%25AB%25D9%2582%25D8%25A9/,"?????? ?????? ??????? 
??????? ??????? ???????"
37,"??????? ??????? ??? ???? ??? ?????? ???????, ???? ??????, ?????? - Waze",https://www.waze.com/ar/live-map/directions/sa/%25D9%2585%25D9%2586%25D8%25B7%25D9%2582%25D8%25A9-%25D8%25A7%25D9%2584%25D8%25B1%25D9%258A%25D8%25A7%25D8%25B6/%25D8%25A7%25D9%2584%25D8%25B1%25D9%258A%25D8%25A7%25D8%25B6/%25D8%25B4%25D8%25B1%25D9%2583%25D8%25A9-%25D8%25AB%25D9%2582%25D8%25A9-%25D9%2584%25D8%25AE%25D8%25AF%25D9%2585%25D8%25A7%25D8%25AA-%25D8%25A7%25D9%2584%25D8%25A3%25D8%25B9%25D9%2585%25D8%25A7%25D9%2584%3Fto%3Dplace.ChIJsc86mXjjLj4RB-d-zEHeBPY,0
38,???? ??? ?????? ??????? ???? ??? ??????? ?? ?????? (??????? ...,https://www.ar8ar.com/news/new/s/70032,???? ????? ar8ar.com : 
39,????? : ????? ?????? ?? ???? ??? ?????? ??????? – ??????,https://saudisalary.com/%25D9%2588%25D8%25B8%25D9%258A%25D9%2581%25D8%25A9-%25D8%25AA%25D8%25AF%25D8%25B1%25D9%258A%25D8%25A8-%25D8%25AA%25D8%25B9%25D8%25A7%25D9%2588%25D9%2586%25D9%258A-%25D9%2581%25D9%258A-%25D8%25B4%25D8%25B1%25D9%2583%25D8%25A9-%25D8%25AB%25D9%2582%25D8%25A9-%25D9%2584%25D8%25AE%25D8%25AF%25D9%2585%25D8%25A7%25D8%25AA/,??????? ????  ????? ????? ?? ?????? ?? ???? ???????? ???????.
40,"""???? ?????????"" ???? ??????? ?? ???? ??? ?????? ??????? ?????? ...",https://www.saudieng.sa/Arabic/MediaCenter/News/Pages/Thiqah.aspx,"
"
41,???? ??? ?????? ??????? - ????? ?????,https://wzaifs.com/tag/%25D8%25B4%25D8%25B1%25D9%2583%25D8%25A9-%25D8%25AB%25D9%2582%25D8%25A9-%25D9%2584%25D8%25AE%25D8%25AF%25D9%2585%25D8%25A7%25D8%25AA-%25D8%25A7%25D9%2584%25D8%25A3%25D8%25B9%25D9%2585%25D8%25A7%25D9%2584,"????? ????? ???? ??? ??????? ???????? ?? ??????? ??????? ????????? ????? ????? ??????? ??????? ?????? ?????? ?????? ???????."
42,???? ????? ????? ?? ???? ??? ?????? ??????? ????? ??????????? ...,https://th3eye.net/190592/%25D8%25AA%25D9%2588%25D9%2581%25D8%25B1-%25D9%2588%25D8%25B8%25D9%258A%25D9%2581%25D8%25A9-%25D8%25B4%25D8%25A7%25D8%25BA%25D8%25B1%25D8%25A9-%25D9%2581%25D9%258A-%25D8%25B4%25D8%25B1%25D9%2583%25D8%25A9-%25D8%25AB%25D9%2582%25D8%25A9-%25D9%2584%25D8%25AE%25D8%25AF%25D9%2585%25D8%25A7%25D8%25AA-%25D8%25A7%25D9%2584%25D8%25A3/,???? ???? ???????? ?? ???? ???????? ??????? ??? ??????? ???? ????? ???? ???? ??????? ??????? ????? ???? ?????? ????. ????…
43,???? ??? ?????? ??????? ???? ?? ????? ?????? ???????,https://www.saudijobs24.com/t56632-topic,     ???? ?? ????? ????? 
44,???? ??? ?????? ??????? ???? ?? ???? 4 ????? ?????? ?????? ???????,https://www.saudijobs24.com/t8908-topic,     ???? ?? ????? ????? 
45,???? ??? ?????? ??????? ???? ??????? ?? ?????? ??????? ???????? ...,https://jobs3.net/news/68011,     ???? ?? ????? ????? 
46,???? ??? ?????? ??????? ???? ????? ?????? ?????? ?????? ??????,https://www.wzufa.com/job/thiqah-1443-2/,"???? ???? ??? ?????? ??????? ???? ????? ????? ??????? ????? ???????? ?? ????? ?????? ??? ???????? ???????:"
47,????? ?? ?????? ???????? ????? ??? Apple Podcasts'te,https://podcasts.apple.com/us/podcast/%25D8%25B3%25D9%2582%25D8%25B1%25D8%25A7%25D8%25B7-%25D9%2585%25D8%25B9-%25D8%25A7%25D9%2584%25D8%25B1%25D8%25A6%25D9%258A%25D8%25B3-%25D8%25A7%25D9%2584%25D8%25AA%25D9%2586%25D9%2581%25D9%258A%25D8%25B0%25D9%258A-%25D9%2584%25D8%25B4%25D8%25B1%25D9%2583%25D8%25A9-%25D8%25AB%25D9%2582%25D8%25A9/id1459232606%3Fi%3D1000514028897%26l%3Dtr,0
48,???? ???? ??? ?????? ??????? ?? ??? ??????? ?? ?????? ... - ???? ???????,https://jobs4ksa.com/42817/,"???? ???? ??? ?????? ??????? (???) ??? ???? ????? ?? ?????? ??????? ?? ??? ??????? ?? ?????? (??????? ????????) ???????? ???? ????? ????? ???????? ??????? ?????."
49,???? ???? ??? ?????? ??????? ?????? (????? ????????) ??????? ...,https://www.akbarwdaif.com/jobs/16455,???? ???? ??? ?????? ??????? ?????? (????? ????????) ??????? ????????
50,???? ??? ?????? ??????? ???? ?????? (????? ... - ??????? ????????,https://linkedksa.com/11288/,"???? ???? ??? ?????? ??????? (???) ?? ??? ??????? ?? ?????? (????? ????????) ??????? ????????? ?????? ??????? ???? ????? ????? ???????? ??????? ?????."
51,???? ??? ?????? ??????? ???? 3 ????? ????? ??????????? ????? ???????,https://www.wzayef.com/en/jobs/saudi/riyadh/date-2022-01-25/job-1063269,"???? ???? ??? ?????? ??????? ???? ????? ????? ????? ???????????? ????? ?? ????? ?????? ??? ???????? ???????? ???????:"
52,???? ???? ??? ?????? ??????? ?? ??? ??????? ?? ?????? (??????? ...,https://job-ksa.net/7611/,"????? ????? ??????  ???? ??? ?????? ??????? (???) ??? ?????? ?????? ????? ????? ?? ?????? ??????? (™ LinkedIn) ??? ??????? ?? ?????? (??????? ????????) ???????? ???? ????? ????? ???????? ??????? ?????."
53,???? ??? ?????? ??????? ???? ????? ????? ??????????? ????? ???????,https://cd4cd.com/12039,"????? ???? ??? ?????? ??????? (???) ??? ?????? ?????? ????? ????? ?? ?????? ??????? (™ LinkedIn) ???? ????? ????? ??????????? ????? ???????? ????? ??????? ?????? ??????? ????? (????? ??? ????? ?????)? ???? ????? ????? ???????? ??????? ?????."
54,"???? ??????? ???????? ""?????"" ????? ???? ???? ""???"" ?????? ????????? ...",https://amlak.net.sa/29530/," 29 ?????? 2020 ???????, ????? ?????????  ??? ???? ??????? ???????? “?????” ????? ???? ???? “???” ?????? ????????? ??????????? ????? ????? ?????   A Decrease font size. A Reset font size. A Increase font size.         "
55,???? ??? ?????? ??????? ???? ????? ?????? ?????? ??????? ???????,https://akhbarelsaudia.com/%25D8%25B4%25D8%25B1%25D9%2583%25D8%25A9-%25D8%25AB%25D9%2582%25D8%25A9-%25D9%2584%25D8%25AE%25D8%25AF%25D9%2585%25D8%25A7%25D8%25AA-%25D8%25A7%25D9%2584%25D8%25A3%25D8%25B9%25D9%2585%25D8%25A7%25D9%2584/,???? ?????????
56,???? ??? ?????? ??????? ???? 3 ????? ?????? ??????? ?????? ???????,https://arab1education.com/%25D8%25B4%25D8%25B1%25D9%2583%25D8%25A9-%25D8%25AB%25D9%2582%25D8%25A9-%25D9%2584%25D8%25AE%25D8%25AF%25D9%2585%25D8%25A7%25D8%25AA-%25D8%25A7%25D9%2584%25D8%25A3%25D8%25B9%25D9%2585%25D8%25A7%25D9%2584-%25D8%25AA%25D9%2588%25D9%2581%25D8%25B1-3-%25D9%2588%25D8%25B8%25D8%25A7%25D8%25A6%25D9%2581-%25D8%25A5%25D8%25AF%25D8%25A7/,"???? ???? ??? ???????? ??????? ???? .. ?? ??? ???????? ?? Sociology ?? ??? ?????? ????????? ???? ???? ????????? ????…"
57,???? ??? ?????? ??????? ???? ??? ??? ??????? ?? ?????? ??????? ...,https://www.lnwad.com/2022/04/blog-post.html,"???? ???? ??? ???????? ??????? ???? .. ?? ??? ???????? ?? Sociology ?? ??? ?????? ????????? ???? ???? ????????? ????…"
58,??? ?????? ???? ???? ???? ??? ?????? ???????,https://frswdifih.com/jobs/9237/,"???? ???? ??? ???????? ??????? ???? .. ?? ??? ???????? ?? Sociology ?? ??? ?????? ????????? ???? ???? ????????? ????…"
59,????? ???? ???? ?????? ??????? - ???? ??? ?????? ??????? ???????,https://www.btalah.com/t735794.html,"???? ?????? ??? 
2006
Site was established in 2006"
60,???? ??? ?????? ??????? ??? ?????? ??? ?????? (????? ????? ???????),https://isaudinews.com/%3Fp%3D4771,The server can not find the requested page:
61,??? ?????? ??? ???? ??? ?????? ??????? - ????? ???????,https://job-sa.org/24183%3Futm_source%3Drss%26utm_medium%3Drss%26utm_campaign%3D%2525d9%252581%2525d8%2525b1%2525d8%2525b5-%2525d9%252588%2525d8%2525b8%2525d9%25258a%2525d9%252581%2525d9%25258a%2525d8%2525a9-%2525d9%252584%2525d8%2525af%2525d9%252589-%2525d8%2525b4%2525d8%2525b1%2525d9%252583%2525d8%2525a9-%2525d8%2525ab%2525d9%252582%2525d8%2525a9-%2525d9%252584%2525d8%2525ae%2525d8%2525af%2525d9%252585%2525d8%2525a7%2525d8%2525aa-%2525d8%2525a7%2525d9%252584%2525d8%2525a3%2525d8%2525b9%2525d9%252585%2525d8%2525a7%2525d9%252584,The server can not find the requested page:
62,????? ?????? ?? ???? ??? ?????? ??????? – ?????? | ????? ????????,https://www.wadhaef-sa.com/239159.html,?? ??? ??? ????? ????? ??????????. ?????? ????????? ???? ????? ?? *
63,???? ???? ??? ?????? ??????? ?? ????? ?????? (????? ???????? ...,https://saudione.net/job/10976,"???? ???? ??? ?????? ??????? ?? ????? ?????? (????? ????????) ??????? ????????, ???? ???? ?????? ??????? ?????? :
 
 
???? ????????:

- ?????? ??? ?????? ???????? 2021?.
 
???????? ???????? :
 
1- ?? ???? ??????? ?? ???????? ????? ???????.
2- ???? ??????????? ?? ????????? ?? (????? ????????) ?? ????? ?????? ???.
3- ???? ?????? ?? ??? ?? (3.75 ?? 5.00) ?? (2.75 ?? 4) ?? ?? ???????.
4- ???? ?????? ?? ??? ?? ?????? ????? ??? ?????? (??? ???????? ????? ????).
6- ????? ????? ?????????? (IELTS: 5) ?? ?? ???????.
7- ????? ?? ??? 22 ??? 25 ??? ????? ???????????? ?????? ????????? ?? 27 ??? 32 ???.
8- ??? ???? ?????? ?? ?????? (?????? ????????) ?????? ?????? ????????? ?????? ?????????.
 
???????:

1- ????? ????? ???????? (????? ????).
2- ???? ?????? ?????? ???????? ????????.
3- ????? ???????? ??? ???? ????? ??????? ?????.
 
??????? ??? ??????? :
 
- ?????? ???? ?????? ????????? ?????? ??????? ???????? ?? ???? ?????? ??????:
???? ???"
64,???? ??? ?????? ??????? ???? ????? ????? ????? ?????? ???????,https://www.saudijobstoday.net/t22155-topic,     ???? ?? ????? ????? 
65,????? ?????? ????? ??????????? ???? ????? | ????? ??,https://wazfnynow.net/thiqah/,"????? ???? ??? ?????? ??????? ?? ????? ?????? ????? ??????????? ? ???? ????? ??????"
66,?????? ??? ?????? ???????? ??????? ???????? ??????? ??? ???? ...,https://nashmijo.net/%25D8%25A8%25D8%25B1%25D9%2586%25D8%25A7%25D9%2585%25D8%25AC-%25D8%25AB%25D9%2582%25D8%25A9-%25D9%2584%25D8%25AA%25D8%25B7%25D9%2588%25D9%258A%25D8%25B1-%25D8%25A7%25D9%2584%25D8%25AE%25D8%25B1%25D9%258A%25D8%25AC%25D9%258A%25D9%2586-%25D8%25A7%25D9%2584%25D9%2585%25D9%2586%25D8%25AA%25D9%2587%25D9%258A-%25D8%25A8%25D8%25A7/,???? ??? ?? ???? ?? ?? ???.
67,"?? ??: ??? ???? ?????? ? ???? ????? ??????? ?? ???? ??? ?????? ???????",https://www.alwafanews.com/%25D9%2585%25D9%2586-%25D9%2587%25D9%2588-%25D8%25B9%25D8%25A8%25D8%25AF-%25D8%25A7%25D9%2584%25D9%2584%25D9%2587-%25D9%2585%25D9%2586%25D8%25AF%25D9%258A%25D9%2584%25D9%258A-%25D8%258C-%25D8%25B1%25D8%25A6%25D9%258A%25D8%25B3-%25D8%25AF%25D8%25A7%25D8%25A6%25D8%25B1%25D8%25A9-%25D8%25A7%25D9%2584%25D8%25AD%25D9%2588/,???? ??????? ??????
68,«?????» ?«???» ???????? ??????? ?????? ?????? ????? ???? ????????,https://www.al-jazirah.com/2020/20200630/ec4.htm,«???????» - ??? ????????: 
69,????? ?? ???? THIQAH Business Services ???? (2022) - ???.???,https://www.bayt.com/ar/company/thiqah-business-services-1590738/,0
70,???? ???? ??? ?????? ??????? (???? ??????) ?? ??? ??? ??????? ?? ...,https://www.wdaif24.com/2022/04/blog-post.html, ???????? ?????????:
71,???? ??? ?????? ??????? ???? ?????? (????? ???????? ... - ???? ????,https://new-24.net/48659, ???????? ?????????:
72,???? ??? ?????? ??????? ???? ?? ????? ????? ?? ??????,https://www.careersksa.com/2440607.html,???? ???? ??????? ??? ?????? ????????: ???? ??? 
73,??? ???? ?????? ???? ??????? ?? ???? ??? ?????? ??????? - ????? ????????,https://www.ukrgate.com/2021/11/14/%25D8%25B9%25D8%25A8%25D8%25AF-%25D8%25A7%25D9%2584%25D9%2584%25D9%2587-%25D9%2585%25D9%2586%25D8%25AF%25D9%258A%25D9%2584%25D9%258A-%25D9%2585%25D8%25AF%25D9%258A%25D8%25B1-%25D8%25A7%25D9%2584%25D8%25AD%25D9%2588%25D9%2583%25D9%2585%25D8%25A9-%25D9%2581%25D9%258A-%25D8%25B4%25D8%25B1%25D9%2583%25D8%25A9-%25D8%25AB%25D9%2582/,???????? » ??? 404 - ?? ??? ?????? ??? ??????
74,????? ?????? ????? ?? ???? ??? ?????? ??????? - ???? ???????,https://ksa-wats.com/31620,????????? ?????.
75,???? ??? ?????? ??????? / Thiqah Business Services HQ,https://sa.arabplaces.com/riyadh/408937,0
76,????? ???????? 1443?? ???? ??? ?????? ??????? ???? ?? ... - ???? ?????,https://www.words0.com/%25D9%2588%25D8%25B8%25D8%25A7%25D8%25A6%25D9%2581-%25D8%25A7%25D9%2584%25D8%25B3%25D8%25B9%25D9%2588%25D8%25AF%25D9%258A%25D8%25A9-1443%25D9%2587%25D9%2580-%25D8%25B4%25D8%25B1%25D9%2583%25D8%25A9-%25D8%25AB%25D9%2582%25D8%25A9-%25D9%2584%25D8%25AE%25D8%25AF%25D9%2585%25D8%25A7%25D8%25AA-%25D8%25A7%25D9%2584%25D8%25A3/,???? ?????
77,???? ??? ?????? ??????? ???? ?????? ?????? ????????? - ????? ??,https://wzayef.net/jobs/saudi-arabia/riyadh/job-821269,"

 ??? ???? ???? ??? ?????? ?????? ??????? 
"
78,"?? ??: ??? ???? ?????? ? ???? ??????? ?? ???? ??? ?????? ???????",https://future-news.net/112727/%25D9%2585%25D9%2586-%25D9%2587%25D9%2588-%25D8%25B9%25D8%25A8%25D8%25AF-%25D8%25A7%25D9%2584%25D9%2584%25D9%2587-%25D9%2585%25D9%2586%25D8%25AF%25D9%258A%25D9%2584%25D9%258A-%25D8%258C-%25D9%2585%25D8%25AF%25D9%258A%25D8%25B1-%25D8%25A7%25D9%2584%25D8%25AD%25D9%2588%25D9%2583%25D9%2585%25D8%25A9-%25D9%2581%25D9%258A/,"?????? ???? » ?? ??: ??? ???? ?????? ? ???? ??????? ?? ???? ??? ?????? ???????"
79,?????? ????? ??? ?????? ??????? ????? ????? ???? ????,https://socpa.org.sa/Socpa/Media-Center/News/2021/3278.aspx,"
      ???? ???????
    "
80,?????? ???? ??? ?????? ??????? | stKFUPM,https://www.stkfupm.com/forum/threads/%25D9%2585%25D9%2582%25D8%25A7%25D8%25A8%25D9%2584%25D8%25A9-%25D8%25B4%25D8%25B1%25D9%2583%25D8%25A9-%25D8%25AB%25D9%2582%25D8%25A9-%25D9%2584%25D8%25AE%25D8%25AF%25D9%2585%25D8%25A7%25D8%25AA-%25D8%25A7%25D9%2584%25D8%25A7%25D8%25B9%25D9%2585%25D8%25A7%25D9%2584.136857/,???? ??? ??????? ??????.
81,????? ?????? ?????? ??????? ?????? ?? ???? ??? ?????? ??????? ???????,https://www.rwad.net/jobs59528,????? ?????? ?? ???? ????
82,"????? ????? ????? ??? ?????? ??????? - ????? ??????, ????????",https://hiringtoday.net/jobs/job-665195,"

 ??? ???? ???? ??? ?????? ?????? ??????? 
"
83,3 ????? ?????? ????? ?? ???? ??? ?????? ???????,https://slaati.com/2019/09/11/p1481660.html,"???? ???? ??? ?????? ??????? ” ??? ” ? ??? ??????? ??? ??? ????? ?????? ????? ???????? ?? ???? ??????? ??????? ????? ” ????? “? ????? ??????? ?? ????? ??????."
84,??? ??? ??????? ??????? ????? ???????? ??????? ????????,https://ajel.sa/jobs/dskxpy,"???? ???? ??? ?????? ???????? ??? ??? ??????? ?? ?????? ????? ???????? ????????? (???? ?????) ??????? ???????? ??????? ??? ?? ????? ??? ??????? ????? ???? ????? ????? ????????? ??? ????? ??????:"
85,??? ?????? ??????? ???? ?? ????? ????? ??????? ????? ??????,https://news-sa.org/19233,"????? ???? ??? ?????? ??????? (???) ???? 3 ????? ????? (?????? ???????) ????? ?????? ?? ???? ??????????? ?? ???? (???????)? ????? ??????? ?????? ??????? ??? ?????? (?????) ??????? ??? ??? ?????? ???? ????? ????? ???????? ??????:"
86,???? ???? ??? ?????? ??????? ?? ???? ????? ??????? ????? ??????? ?? ...,https://new00.net/4991/,"



     (adsbygoogle = window.adsbygoogle || []).push({});
"
87,???? ??? ?????? ??????? ???? ??????? ? - ????? ?????? | ????? ?????,https://www.greenfile.me/%25D8%25B4%25D8%25B1%25D9%2583%25D8%25A9-%25D8%25AB%25D9%2582%25D8%25A9-%25D9%2584%25D8%25AE%25D8%25AF%25D9%2585%25D8%25A7%25D8%25AA-%25D8%25A7%25D9%2584%25D8%25A3%25D8%25B9%25D9%2585%25D8%25A7%25D9%2584-%25D8%25AA%25D8%25B9%25D9%2584%25D9%2586-%25D8%25A7%25D9%2584%25D8%25AA%25D8%25B3%25D8%25AC%25D9%258A%25D9%2584-%25D9%2581%25D9%258A-%25D8%25A8%25D8%25B1%25D9%2586%25D8%25A7%25D9%2585%25D8%25AC-%25D8%25A7%25D9%2584%25D8%25AA%25D8%25AF%25D8%25B1%25D9%258A%25D8%25A8-%25D8%25A7%25D9%2584%25D8%25AA%25D8%25B9%25D8%25A7%25D9%2588%25D9%2586%25D9%258A-%25D8%25A8%25D8%25A7%25D9%2584%25D8%25B1%25D9%258A%25D8%25A7%25D8%25B6,?????? ???????? ?? ???? ?????? ????? !
88,???? ??? ?????? ??????? | ??? ????? ???? ??? ???? ???????,https://sys-on.net/tag/%25D8%25B4%25D8%25B1%25D9%2583%25D8%25A9-%25D8%25AB%25D9%2582%25D8%25A9-%25D9%2584%25D8%25AE%25D8%25AF%25D9%2585%25D8%25A7%25D8%25AA-%25D8%25A7%25D9%2584%25D8%25A3%25D8%25B9%25D9%2585%25D8%25A7%25D9%2584/,???? ??? ???? –
89,???? ????? ???? ????? ???? ????? ???????.. ???? «??????» ??????????,https://www.alriyadh.com/1571349,0
90,????? ?????? ????? ?? ???? ??? ?????? ???????,https://www.almowaten.net/2019/01/%25D9%2588%25D8%25B8%25D8%25A7%25D8%25A6%25D9%2581-%25D8%25A5%25D8%25AF%25D8%25A7%25D8%25B1%25D9%258A%25D8%25A9-%25D8%25B4%25D8%25A7%25D8%25BA%25D8%25B1%25D8%25A9-%25D9%2581%25D9%258A-%25D8%25B4%25D8%25B1%25D9%2583%25D8%25A9-%25D8%25AB%25D9%2582%25D8%25A9-%25D9%2584%25D8%25AE%25D8%25AF%25D9%2585%25D8%25A7%25D8%25AA-%25D8%25A7/,????! ?????? ??? ??????
91,Thiqah | ????? ??????? | ???? ??? ?????? ??????? on Vimeo,https://vimeo.com/308301756,"We detected a high number of errors from your connection. To continue, please confirm that youâ€™re a human (and not a spambot)."
92,???? ??? ?????? ???????,https://dondepreoccuparti.com/arabic/news/2022/01/23/1458322t-9g34818rx5.html," ?????? ???????: 51%. ???? ??? ?????????. ????? - ????. ?????: 490,000 ???? ?????. ?????? ???????: 49%. ????? ??????? ????????. ??????? ???????. ????????? - ????????: ????? ????? ??????? ?????????? ?????? ?????? ???? ??? ?????? ??????? ??? ????? ??? /212067/? ??? ???? ???? ?????? ??.  AHAD is one of THIQAH Business Services subsidiaries. It specializes in offering advisory and business services in a reliable and sustainable manner, to be provided to its partners in the public and private sectors in order to improve their performance and grow their  business.???? ??? ???? ????? ????? ??? ?????? ???????? ??? ???? ?????? ????.  Get details for AHAD Business Services - ???? ??? ?????? ???????'s 2 employees, email format for ahad.sa and phone numbers. AHAD is one of THIQAH Business Services subsidiaries. It specializes in offering advisory and business services in a reliable and sustainable manner, to be provided to its partners in the public and private sectors in order to improve their. "
93,??????? ??? ???? ???????? ??? ???? ????? ?????? ?????? ????????,https://makkahnewspaper.com/article/21794,????? - 14 ????? 2022
94,???? ??? ?????? ??????? - ????? ??????? ??????? ????????,http://egy1.info/saudi/%3Fs%3D%25D8%25B4%25D8%25B1%25D9%2583%25D8%25A9%2B%25D8%25AB%25D9%2582%25D8%25A9%2B%25D9%2584%25D8%25AE%25D8%25AF%25D9%2585%25D8%25A7%25D8%25AA%2B%25D8%25A7%25D9%2584%25D8%25A3%25D8%25B9%25D9%2585%25D8%25A7%25D9%2584,0
95,???? ??? ?????? ??????? (???? ??????) ???? ?? ?????? ????? ????? ...,https://jobs-2030.com/91924/,???? ??? ?????? ??????? (???? ??????) ???? ?? ?????? ????? ????? ???????? ???????? ???? ??????
96,???? ??? - ????? ????? ??????,https://vudubayy.sauvonsloccasion.fr/fevek/faguke.php,???? ??? ?????? ??????? (???? ??????) ???? ?? ?????? ????? ????? ???????? ???????? ???? ??????
